{"cameraMode":{"drawMode":0,"name":"Shaded","section":"Shading Mode"},"sceneLighting":false,"audioPlay":false,"sceneViewState":{"m_AlwaysRefresh":false,"showFog":true,"showSkybox":false,"showFlares":true,"showImageEffects":true,"showParticleSystems":true,"showVisualEffectGraphs":true,"m_FxEnabled":true},"in2DMode":false,"pivot":{"x":6.090000152587891,"y":0.9900000095367432,"z":18.56999969482422},"rotation":{"x":0.20199516415596009,"y":-0.00587631668895483,"z":0.0012119095772504807,"w":0.9793696999549866},"size":1.1277941465377808,"orthographic":true}